gene_name,protein_sequence,secondary_structure
YBR140C,RKIMMNIFSIFKRMTNWFIRPDANTEFPKTFTDIIKPLFVSILDSNQRLQVTARAFIEIPLSYIATFEDIDNDLDPRVLNDHYLLCTYAVTLFASSLFDLKLENAKREMLLDIIVKFQRVRSYLSNLAEKHNLVQAIITTERLTLPLLVGAVGSGIFISLYCSRGNTPRLIKISCCEFLRSLRFYQKYVGALDQYSIYNIDFIDAMAQDNFTASGSVALQRRLRNNILTYIKGSDSILLDSMDVIYKKWFYFSCSKSVTQEELVDFRSLAGILASMSGILSDMQELEKSKSAPDNEGDSLSFESRNPAYEVHKSLKLELTKKMNFFISKQCQWLNNPNLLTRENSRDILSIELHPLSFNLLFNNLGLKIDELMSIDLSKSHEDSSFVLLEQIIIIIRTILKRDDDEKIMLLFSTDLLDAVDKLIEIVEKISIKSSKYYKGIIQMSKMFRAFEHSEKNLGISNHFHLKNKWLKLVIGWFKLSINKDYDFENLSRPLREMDLQKRDEDFLYIDTSIESAKALAYLTHNVPLEIPPSSSKEDWNRSSTVSFGNHFTILLKGLEKSADLNQFPVSLRHKISILNENVIIALTNLSNANVNVSLKFTLPMGYSPNKDIRIAFLRVFIDIVTNYPVNPEKHEMDKMLAIDDFLKYIIKNPILAFFGSLACSPADVDLYAGGFLNAFDTRNASHILVTELLKQEIKRAARSDDILRRNSCATRALSLYTRSRGNKYLIKTLRPVLQGIVDNKESFEIDKMKPGSENSEKMLDLFEKYMTRLIDAITSSIDDFPIELVDICKTIYNAASVNFPEYAYIAVGSFVFLRFIGPALVSPDSENIIIVTHAHDRKPFITLAKVIQSLANGRENIFKKDILVSKEEFLKTCSDKIFNFLSELCKIPTNNFTVNVREDPTPISFDYSFLHKFFYLNEFTIRKEIINESKLPGEFSFLKNTVMLNDKILGVLGQPSMEIKNEIPPFVVENREKYPSLYEFMSRYAFKKVDMKEEEEDNAPFVHEAMTLDGIQIIVVTFTNCEYNNFVMDSLVYKVLQIYARMWCSKHYVVIDCTTFYGGKANFQKLTTLFFSLIPEQASSNCMGCYYFNVNKSFMDQWASSYTVENPYLVTTIPRCFINSNTDQSLIKSLGLSGRSLEVLKDVRVTLHDITLYDKEKKKFCPVSLKIGNKYFQVLHEIPQLYKVTVSNRTFSIKFNNVYKISNLISVDVSNTTGVSSEFTLSLDNEEKLVFCSPKYLEIVKMFYYAQLKMEEDFGTDFSNDISFSTSSSAVNASYCNVKEVGEIISHLSLVILVGLFNEDDLVKNISYNLLVATQEAFNLDFGTRLHKSPETYVPDDTTTFLALIFKAFSESSTELTPYIWKYMLDGLENDVIPQEHIPTVVCSLSYWVPNLYEHVYLANDEEGPEAISRIIYSLIRLTVKEPNFTTAYLQQIWFLLALDGRLTNVIVEEIVSHALDRDSENRDWMKAVSILTSFPTTEIACQVIEKLINMIKSFLPSLAVEASAHSWSELTILSKISVSIFFESPLLSQMYLPEILFAVSLLIDVGPSEIRVSLYELLMNVCHSLTNNESLPERNRKNLDIVCATFARQKLNFISGFSQEKGRVLPNFAASSFSSKFGTLDLFTKNIMLLMEYGSISEGAQWEAKYKKYLMDAIFGHRSFFSARAMMILGIMSKSHTSLFLCKELLVETMKVFAEPVVDDEQMFIIIAHVFTYSKIVEGLDPSSELMKELFWLATICVESPHPLLFEGGLLFMVNCLKRLYTVHLQLGFDGKSLAKKLMESRNFAATLLAKLESYNGCIWNEDNFPHIILGFIANGLSIPVVKGAALDCLQALFKNTYYERKSNPKSSDYLCYLFLLHLVLSPEQLSTLLLEVGFEDELVPLNNTLKVPLTLINWLSSDSDKSNIVLYQGALLFSCVMSDEPCKFRFALLMRYLLKVNPICVFRFYTLTRKEFRRLSTLEQSSEAVAVSFELIGMLVTHSEFNYLEEFNDEMVELLKKRGLSVVKPLDIFDRKIMMNIFSIFKRMTNWFIRPDANTEFPKTFTDIIKPLFVSILDSNQRLQVTARAFIEIPLSYIATFEDIDNDLDPRVLNDHYLLCTYAVTLFASSLFDLKLENAKREMLLDIIVKFQRVRSYLSNLAEKHNLVQAIITTERLTLPLLVGAVGSGIFISLYCSRGNTPRLIKISCCEFLRSLRFYQKYVGALDQYSIYNIDFIDAMAQDNFTASGSVALQRRLRNNILTYIKGSDSILLDSMDVIYKKWFYFSCSKSVTQEELVDFRSLAGILASMSGILSDMQELEKSKSAPDNEGDSLSFESRNPAYEVHKSLKLELTKKMNFFISKQCQWLNNPNLLTRENSRDILSIELHPLSFNLLFNNLGLKIDELMSIDLSKSHEDSSFVLLEQIIIIIRTILKRDDDEKIMLLFSTDLLDAVDKLIEIVEKISIKSSKYYKGIIQMSKMFRAFEHSEKNLGISNHFHLKNKWLKLVIGWFKLSINKDYDFENLSRPLREMDLQKRDEDFLYIDTSIESAKALAYLTHNVPLEIPPSSSKEDWNRSSTVSFGNHFTILLKGLEKSADLNQFPVSLRHKISILNENVIIALTNLSNANVNVSLKFTLPMGYSPNKDIRIAFLRVFIDIVTNYPVNPEKHEMDKMLAIDDFLKYIIKNPILAFFGSLACSPADVDLYAGGFLNAFDTRNASHILVTELLKQEIKRAARSDDILRRNSCATRALSLYTRSRGNKYLIKTLRPVLQGIVDNKESFEIDKMKPGSENSEKMLDLFEKYMTRLIDAITSSIDDFPIELVDICKTIYNAASVNFPEYAYIAVGSFVFLRFIGPALVSPDSENIIIVTHAHDRKPFITLAKVIQSLANGRENIFKKDILVSKEEFLKTCSDKIFNFLSELCKIPTNNFTVNVREDPTPISFDYSFLHKFFYLNEFTIRKEIINESKLPGEFSFLKNTVMLNDKILGVLGQPSMEIKNEIPPFVVENREKYPSLYEFMSRYAFKKVDMKEEEEDNAPFVHEAMTLDGIQIIVVTFTNCEYNNFVMDSLVYKVLQIYARMWCSKHYVVIDCTTFYGGKANFQKLTTLFFSLIPEQASSNCMGCYYFNVNKSFMDQWASSYTVENPYLVTTIPRCFINSNTDQSLIKSLGLSGRSLEVLKDVRVTLHDITLYDKEKKKFCPVSLKIGNKYFQVLHEIPQLYKVTVSNRTFSIKFNNVYKISNLISVDVSNTTGVSSEFTLSLDNEEKLVFCSPKYLEIVKMFYYAQLKMEEDFGTDFSNDISFSTSSSAVNASYCNVKEVGEIISHLSLVILVGLFNEDDLVKNISYNLLVATQEAFNLDFGTRLHKSPETYVPDDTTTFLALIFKAFSESSTELTPYIWKYMLDGLENDVIPQEHIPTVVCSLSYWVPNLYEHVYLANDEEGPEAISRIIYSLIRLTVKEPNFTTAYLQQIWFLLALDGRLTNVIVEEIVSHALDRDSENRDWMKAVSILTSFPTTEIACQVIEKLINMIKSFLPSLAVEASAHSWSELTILSKISVSIFFESPLLSQMYLPEILFAVSLLIDVGPSEIRVSLYELLMNVCHSLTNNESLPERNRKNLDIVCATFARQKLNFISGFSQEKGRVLPNFAASSFSSKFGTLDLFTKNIMLLMEYGSISEGAQWEAKYKKYLMDAIFGHRSFFSARAMMILGIMSKSHTSLFLCKELLVETMKVFAEPVVDDEQMFIIIAHVFTYSKIVEGLDPSSELMKELFWLATICVESPHPLLFEGGLLFMVNCLKRLYTVHLQLGFDGKSLAKKLMESRNFAATLLAKLESYNGCIWNEDNFPHIILGFIANGLSIPVVKGAALDCLQALFKNTYYERKSNPKSSDYLCYLFLLHLVLSPEQLSTLLLEVGFEDELVPLNNTLKVPLTLINWLSSDSDKSNIVLYQGALLFSCVMSDEPCKFRFALLMRYLLKVNPICVFRFYTLTRKEFRRLSTLEQSSEAVAVSFELIGMLVTHSEFNYLEEFNDEMVELLKKRGLSVVKPLDIFD,-HHHHHHHHHHHH-GGGTTSS----STT-TTHHHHHHHHHTTTSS-HHHHHHHHHHHHGGGT-STTTSTTS--S---HHHHHHHHHHHHHHHHHHHHHH---BTTBHHHHHHHHHHHHHHHHHHHHHH-SSHHHHHHHHT--SSHHHHHHHHHHHHHTTTT-SSTHHHHHHHHHHHHHHHHHHHTS--STT---TTSS-HHHHHHHHHTTS----HHHHHHHHHHHHHHS--S--HHHHHHHHHHHHHHHHHHH-----HHHHHHHHHHHHHHHHGGGG---SS-SSSSSS--SSTTTSSSSS--S---SGGGGT--S---HHHHHHHHHHHHHT-S-HHHHHHHHHHHHHS--GGGHHHHHHHHHHHHHHTEEETTEE---HHHHHHHHHHHHHHHHHHHH--S-HHHHHTT---HHHHHHHHHHHHT--S-SSHHHHHHHHHHHHHHHHHHTGGG---SSHHHHHHHHHHHHGGGS---STTTTTTTT---GGGSS---SSHHHHHHHHHHHHHHHHHHHHTTT--------TT-S-HHHHHHHHHHHHHHHHHHHHHHHT-TTTS-HHHHHHHHHHHHHHHHHHHHHHHHTHHHHGGGTGGGGG-SSHHHHHHHHHHHHTTTT----HHHHHHHHHHHHHHHHHT-BSSSBHHHHHHHHS--TTSHHHHHHHHHHHHHHTT-HHHHHHHHHHHHHTT--SGGGSSSSS-HHHHHHHHHHHHHHHHHHHHHHHHHHHHHHTS------SSSS--SS-HHHHHHHHHHHHHHHHHHHHHTTS---HHHHHHHHHHHHHHHHH-SSSHHHHHHHHHIIIIIHHHHH-TTTTTS-S---HHHHHHHHHHHHHHHHHHTTS----S-GGGHHHHHHHHHTHHHHHHHHHHHTS-SS-GGG----------HHHHHHHHHHHHHTHHHHHHHHH-TTS-HHHHHHHTHHHHHHHHHHHHH-SSS-S-TTT-S---TTTT--HHHHHHHHHHTTGGG-HHHHHHHHT--SEEEEEBTTS-EEEEEEGGG--S-HHHHHHHHHHHHHHHTTTSSS-EEEEEE-TT--GGG---HHHHHHHHHSS-HHHHHTEEEEEEES--HHHHHHHHHHTTTTTHHHHT-TTEEEE-STT--SSBSS----HHHHHHTSS-SEEEEEEEEEETTTTEEEEEEEEE-SSEEEEEESS-EESS-TTSS---EE--EEEEEGGGEEEE-SSSSSSTTTEEEEEETTS--EEEE-TTHHHHHHHHHHHHHHHHHHHTT----SSTT---S-----GGGS---STT-HHHHHHHHHHSTTSS-HHHHHHHHHHHHHHHHHHT---TT-----TT----S--HHHHHHHHHHHHHH--SSHHHHHHHHHHHHTTS-HHHHSTTTHHHHHHTTGGGHHHHSS-TT-SHHHHHHHHHHHHHHHHHHH--TTHHHHIIIIIHHHTTSTTTHHHHHHHHHHHHHSS-TT-HHHHHHHHHHTTS--HHHHHHHHHHHHHHHHHTSSS--SSS-STTHHHHHHHHHHHHHTTSSSSS-HHHHHHHHHHHHHHHTT-SSHHHHHHHHHHHHHHHHHHHHH----HHHHHHHHHHHHHHHSHHHHHHTT--S-S-TTSS----------GGGHHHHHHHHHHHHHHHHTSSS--HHHHHHHHHHHHHTS--TTHHHHHHHHHHHH--SS--HHHHHHHHHHHHHHHHHHHSSS---HHHHHHHHHHHHHHTT--SS-THHHHHHHHHHHHHTS--HHHHHHHHHHHHHHHHHHHSGGGTSTTTSS-HHHHHHHHHGGGHHHHHHHHHHHS---TTTTHHHHHHHHHGGGTTSGGGHHHHHHHHHHHHHHHHHHHTS-S-SHHHHTGGGSTTSTT--TTS-TTS-TTT-HHHHS---S--SSSS-SS-TTTTS-SHHHHHHHHHHHHHHTTS--HHHHHHHHHHHHHHHHH--SSGGGSHHHHHHHHHHHHHH---HHHHHHHHHHHHHHHHT-SGGG-SS-TT--GGGTTTSS----HHHHS---HHHHHHHHHHHH-HHHHT-S----SSS-TTHHHHHHHHHHHT-S-HHHHHHHHHHHHHHHHHHSS-TT-SS-SSTTTHHHHHHHHHHHHHHHHHHHHH---TTTTHHHHHHHHHHHHHHHHHHHHHS-HHHHHHHHHSHHHHHHHHHHHHHHHHHHHHHH-SSTHHHHHHHHHHHHHHHHHHHHTTSTT---STTSTTHHHHHHHHHS------HHHHHHHHHHHHHHH--S--HHHHHHHHHHHHHHHHHHH-----HHHHHHHHHHHHHHHHGGG-S---HHHHH--S-GGGG--SSS-SSSGGG-HHHHS-SSSSS-HHHHHHHHHHHHHHSS-HHHHHHHHHHTTT---TTTHHHHHHHHHHHHHHTB-SSS-B---HHHHHHHHHHHHHHHHHHHT--TTTHHHHHH---HHHHHHHHHHHHSS-SS-HHHHHHHHHHHHHHHHHHHTGGG---S-SHHHHHHHHHHHHHTT-----BTTB--S--STTSS--SSSSSSHHHHHHHHHHHHHHHHHHTTT------TTS----HHHHHHHHHHHHHHHHHHHHHHHH-GGG--TTHHHHHHHHHHHHHHHHHHHHHHTHHHHHHHHGGGGG-S-HHHHHHHHHHHHHHHH--TT--SSS---SSS-SSSS--TTS---HHHHHHHHSS-SSSHHHHHHHHHHHTGGGS-HHHHHHHHHHHHHHT--STTTTT-SS-HHHHHHHHHHHHHHHHHHHHHHHHHHHHHHTT-------SSS--SS-HHHHHHHHHHHHHHHHHHHHHTTTTS-HHHHHHHHHHHHHHHHH--SSHHHHHHHHHIIIIIHHHHH-TTTTTS-S---HHHHHHHHHHHHHHHHHHHT--GGGG-GGGGGGHHHHHHHHHHHHHHHHHHH---S-------S--SS--S---TTSSHHHHTT-TT----TT-STTS--TT--THHHHHHHHHHHHHHSS-SS-SS--S-S-S-SS----TTGGGTTS-------------STTTTEEEEEEBTTS-EEEEEEGGG---SHHHHHHHHHHHHHHHGGGSSS-EEEEEE-TT--GGG---HHHHHHHTTSS-HHHHHTEEEEEEES--HHHHHHHHHTTTTTHHHHH-TTT--EE-STT--SSBSS----HHHHHTTS--SEEEEEEEEEETTTTEEEEEEEEE-SSEEEEEESS-EESSTT-TTS--EE--EEEEEGGGEEEEEEGGGGT-TTEEEEEETTS-EEEEE-TTHHHHHHHHHHHHHHHHHHHSS-TTT-------SSS-GGG--TTS--S-THHHHHHHHHHHHTSSSHHHHHHHHHHHHHHHHHHT----S-----SS----S--HHHHHHHHHHHHHH--TTHHHHHHHHHHHHTTS-HHHHTSTTTHHHHGGGSTTHHHHH--TT-SHHHHHHHHHHHHHHHHHHH-SSSHHHHIIIIIHHHHH-TTTHHHHHHHHHHHHHSS-TTSHHHHHHHHHTTTS--HHHHHHHHHHHHHHHHHTGGG--SSTTSTTHHHHHHHHHHHHHTTTTSSS-HHHHHHHHHHHHHHSSS-SSHHHHHHHHHHHHHHHHHHHSSTT--HHHHHHHHHHHHHHHSHHHHHHTT--S-S-TTSS----------HHHHHHHHHHHHHHHHHHT-SS---HHHHHHHHHHHHHSS--HHHHHHHHHHHHHHSTT---HHHHHHHHHHHHHHHHHHHTT----HHHHHHHHHHHHHTTTS-TT-THHHHHHHHHHHHHTS--HHHHHHHHHHHHHHHHHHHHTHHHH-GGGS-HHHHHHHHTSTTHHHHHHHHHHHT--TTTT-HHHHHHHHHGGGTTSGGGHHHHHHHHHHHHHHHHHHH-S--SSGGGGGGGG-TTS---S-S-S-SS--S--TT-SS-S--SS--STTT--TTTT--SHHHHHHHHHHHHHHTT---HHHHHHHHHHHHHHHHH-SGGGGGGHHHHHHHHHHHHHH---HHHHHHHHHHHHHHHHTSTTTSTTGGGS--GGGGGGSS--SHHHHSS--
YCL022C,MIILVMLNTRFFNPYCFQPSSSLCRPSYSLFSGILACISSSKILPFENFFKSTLLGGFFTVVGHSLCRYLSCHYLPSSHRLTGKQRFSHSQSLFPPHPLCFLRRCCYYLLRLGKVTLEGSLWYRPNPLAFFPWKELKDGSFTTSVGSALFDIGDWFGFLSFMSYSCDMPTP,--------TTS--TT-----SS----SHHHHHHHHHHHHH---HHHHHHHHHHHHHHHHHHHHHHHHHHHHHH------------------------HHHHHHHHHHHHHHHTTS---SS----SSSEEEEEEEEEETTEEEEEEEEEEEEGGGHHHHHHHHHHHHTS---
YDR150W,ENLLVECRKLQSSNEAKNEQIKSLKQIKESLSDKIEELTNQKKSFMKELDSTKDLNWDLESKLTNLSMECRQLKELKKKTEKSWNDEKESLKLLKTDLEILTLTKNGMENDLSSQKLHYDKEISELKERILDLNNENDRLLISVSDLTSEINSL,-HHHHHHHHHHHHHHHHHHHHHHHHHHHHHHHHHHHHHHHHHHHHTTTTTTSHHHHHHHHHHHHHHHHHHHHHHHHHHHHHHHHHHHHHHHHHHHHHHHHS-----SHHHHHHHHHHHHHHHHHHHHHHHHHHHHHHHHHHHHHHHHHHHHTT-
YDR457W,VLDFDNKRYFFNAKLKSDNQERPKLPITVRREQVFLDSYRALFFKTNDEIKNSKLEITFKGESGVDAGGVTREWYQVLSRQMFNPDYALFLPVPSDKTTFHPNRTSGINPEHLSFFKFIGMIIGKAIRDQCFLDCHFSREVYKNILGRPVSLKDMESLDPDYYKSLVWILENDITDIIEETFSVETDDYGEHKVINLIEGGKDIIVTEANKQDYVKKVVEYKLQTSVKEQMDNFLVGFYALISKDLITIFDEQELELLISGLPDIDVDDWKNNTTYVNYTATCKEVSYFWRAVRSFDAEERAKLLQFVTGTSKVPLNGFKELSGVNGVCKFSIHRDFGSSERLPSSHTCFNQLNLPPYESYETLRGSLLLAINEG,---HHHHHHHHHHHS---SSS-SEEEEEE-GGGHHHHHHHHHHH-SSGGGGSSEEEEEETT--S--HHHHHHHHHHHHHHHHT-GGGSSEEESSTT---EEE-TTGGGSTTHHHHHHHHHHHHHHHHHTT---S--B-HHHHHHHTT----HHHHHTT-HHHHHHHHHHHHS--TT-TT-BSEEEEEETTEEEEEESSTTGGG-B--TTTHHHHHHHHHIIIIIGGGHHHHHHHHHHHHTTS-HHHHTTS-HHHHHHHHH------HHHHHHT-EEES--TTSHHHHHHHHHHHHS-HHHHHHHHHHHHSS----TT-GGG-B-SSSB---EEESTT-STTS----BGGGTEEE----S-HHHHHHHHHHHHHT-
YEL077W-A,MMPAKLQLDVLRTLQSSARHGTQTLKNSNFLERFHKDRIVFCLPFFPALFFVPVQKVLQHLCLRFTQVAPYFIIQLFDLPSRHAENLAPLLASCRIQYTNCFSSSSNGQVPSIISLYLRVDLSPFYAKIFQISYRVPMIWLDVFQVFFVFLVISQHSLHS,---HHHHHHHHHHHHHHHHHHHHHHHHSTHHHHS-TT-EEEEEE--GGGGTS-HHHHHHHHHHHHTTT-SEEEEEEES--HHHHHHHHHHHHTTTEEEEEE----TTS----EEEEEEE---SSGGGTGGG------THHHHHHHHHHHTS--SSTTS--
YLL040C,AMLSHIPASLTEELPLASRVSQKPYQLVNDTELDFDVWIQDKTTEDNKNEVVLLKANTSLPWEFEDWRSIREKLDIDKSKNILGVCVSGQNYKTIMNIDATTEGENLHVLSPPRNNVHNRIVCEARCDENNVKIITFRSTLVIENTTSTEIELLVDSKDPNKPSLKYAIKPHQSKSVPVEYAYDSDIRIRPASEDIYDWSQQTLSWKSLLSNQMSIFCSSKEDSNQRFHFEIGAKYDEREPLAKIFPHMKIVVSASMTIENLLPADINFSIFDKREEKRTDFLKTGESMEVHHISLDSFLLMSVQPLQDEASASKPSIVNTPHKSPLNPEDSLSLTLSGGQNLLLKLDYKNIDGTRSKVIRIYSPYIIMNSTDRELYIQSSLLNIAQSKILLENEKRYTIPKMFSFDKEDDKSNRARIRFKESEWSSKLSFDAIGQSFDASVRIKNKEQESNLGINISEGKGKYLLSKVIEIAPRYIISNTLDIPIEVCETGSMDVQQIESNITKPLYRMRNIVDKQLVLKFLGGDSNWSQPFFIKNVGVTYLKVLKNSRHKLLKIEILLDKATIFIRIKDGGDRWPFPYQLVNDTELDFDVWIQDKTTEDNKNEVVLLKANTSLPWEFEDWRSIREKLDIDKSKNILGVCVSGQNYKTIMNIDATTEGENLHVLSPPRNNVHNRIVCEARCDENNVKIITFRSTLVIENTTSTEIELLVDSKDPNKPSLKYAIKPHQSKSVPVEYAYDSDIRIRPASEDIYDWSQQTLSWKSLLSNQMSIFCSSKEDSNQRFHFEIGAKYDEREPLAKIFPHMKIVVSASMTIENLLPADINFSIFDKREEKRTDFLKTGESMEVHHISLDSFLLMSVQPLQDEASASKPSIVNTPHKSPLNPEDSLSLTLSGGQNLLLKLDYKNIDGTRSKVIRIYSPYIIMNSTDRELYIQSSLLNIAQSKILLENEKRYTIPKMFSFDKEDDKSNRARIRFKESEWSSKLSFDAIGQSFDASVRIKNKEQESNLGINISEGKGKYLLSKVIEIAPRYIISNTLDIPIEVCETGSMDVQQIESNITKPLYRMRNIVDKQLVLKFLGGDSNWSQPFFIKNVGVTYLKVLKNSRHKLLKIEILLDKATIFIRIKDGGDRWPFSIRNFSDHDFIFYQRDPRKVSDPYKDDQSNESSSRSFKPIFYRIPSKSIMPYAWDFPTAKEKYLVLESGTRTREVRLAEIGELPPLRLDKRSKDKPAPIVGLHVVADDDMQALVIVNY,--EE------TTHHHHTTSS----EEEEEES-TT--EEEEESHHHHTT---EEEESSSEEEE----TTT-S----SSSSSSEEEEEETTSS---EEEEE-SS-EEEEEE-S--SSS---EEEEEEEE-TTS-EEEEEE-SEEEEE-SSS-EEEEE--SSS---EEEEEE-TT-EEE--TTHHHH--EEEE--GGG-B---SS-B-HHHHHH----EEEEBSS-SS-EEEEEEEEE--TT-GGGGTS--EEEEEEESEEEEEESSS-EEEEEEETTS-EEEEEE-TT-EEEE-S--TTS-EEEEEEESSSSB-----EEEE--SS------SEEEEEBTTS-EEEEEEEEEE-SSSS-EEEEEE-SEEEEE-SSS-EEEESSSB-SS----S-TT-GGGS--EEE--TT---SS--BEEEESSB-----B-S--TTEEEEEEEEBTTSSEEEEEEEEEEE-SGGGTTSEEEEEEESEEEEEESSS-EEEE-TT---EEEE-TT-EEE---EES-SS-EEEEE-SSTT------EETT--EEEEEEEEETTEEEEEEEEEEEETTEEEEEEEE--S-----EEEEEES-TT--EEEE-S--TTT---S-EE-TT-EEEE-STTGGGSSSSTTGGG--SEEEEEETTSSS--EEEEE-SS-EEEEEEE--TTS-S-EEEEEEEEE-TTS-EEEEEE-SEEEEE-SSS-BEEEEE-SSS---B--S-B-TT-EEE--TTHHHH-EEEEE--GGGTB---SS-B-HHHHTT--EEEEEEBSS-TTSEEEEEEEEE--TT-GGGTTS--EEEEEE-SEEEEEESSS-EEEEEEETT---EEEEE-TT-EEEE-S--TTS-EEEEEEESSSSB-----EEEE--TT------SEEEEEBTTS-EEEEEEEEEE-TTTS-EEEEEE-SEEEEE-SSS-EEEESSSB-TT---HHHHHTT-----EEE--TT---SS--BEEEETTB-----B-S--TTEEEEEEEEETTEEEEEEEEEEEEE-SGGGTTSEEEEEEESEEEEE-SSS-EEEE-TT-S-EEEE-TT-EEE--EE-SSSS-EEEEE-SSSS------EETTS-EEEEEEE-SSS--EEEEEEEEESSS-EEEEEEE--S--SEEEEE-SSS-EEEEE--SSTTS---GGGTTSTTGGGT----EEEE-TTEEEEE--S-TT-SS-EEEEEETTEEEEEESSS------EE---S-TTS---EEEEEEEEETTEEEEEEEE-
YLL066C,MKVSDRRKFEKANFDEFESALNNKNDLVHCPSITLFESIPTEVRSFYEDEKSGLIKVVKFRTGAMDRKRSFEKIVVSVMVGKNVQKFLTFVEDEPDFQGGPIPSKYLIPKKINLMVYTLFQVHTLKFNRKDYDTLSLFYLNRGYYNELSFRVLERCHEIASARPNDSSTMRTFTDFVSGAPIVRSLQKSTIRRYGYNLAPHMFLLLHVDELSIFSAYQASLPGEKKVDTERLKRDLCPRKPIEIKYFSQICNDMMNKKDRLGDVLATAQRIRRRYNKNGSSEPRLKTLDGLTSERWIQWLGLESDYHCSFSSTRNAEDVVAGEAASSDHDQKISRVTRKRPREPKSTNDILVAGQKLFGSSFEFRDLHQLRLCHEIYMADTPSVAVQAPPGYGKTELFHLPLIALASKGDVKYVSFLFVPYTVLLANCMIRLGRCGCLNVAPVRNFIEEGCDGVTDLYVGIYDDLASTNFTDRIAAWENIVECTFRTNNVKLGYLIVDEFHNFETEVYRQSQFGGITNLDFDAFEKAIFLSGTAPEAVADAALQRIGLTGLAKKSMDINELKRSEDLSRGLSSYPTRMFNLIKEKSEVPLGHVHKIWKKVESQPEEALKLLLALFEIEPESKAIVVASTTNEVEELACSWRKYFRVVWIHGKLGAAEKVSRTKEFVTDGSMRVLIGTKLVTEGIDIKQLMMVIMLDNRLNIIELIQGVGRLRDGGLCYLLSRKNSWAARNRKGELPPIKEGCITEQVREFYGLESKKGKKGQHVGCCGSRTDLSADTVELIERMDRLAEKQATASMSIVALPSSFQESNSSDRCRKYCSSDEDSNTCIHGSANASTNATTNSSTNATTTASTNVRTSATTTASINVRTSATTTESTNSSTNATTTASTNVRTSATTTASINVRTSATTTESTNSNTSATTTESTDSNTSATTTESTDSNTSATTTASTNSSTNATTTASTNSSTNATTTESTNASAKEDANKDGNAEDNRFHPVTDINKESYKRKGSQMVLLERKKLKAQFPNTSENMNVLQFLGFRSDEIKHLFLYGIDIYFCPEGVFTQYGLCKGCQKMFGLCVCWAGQKVSYRRMAWEALAVERMLRNDEEYKEYLEDIEPYHGDPVGYLKFFSVKRGEIYSQIQRNYAWYLAITRRRETISVLDSTRGKQGSQVFRMSGRQIKELYYKVWSNLRESKTEVLQYFLNWDEKKCREEWEAKDDTVFVEALEKVGVFQRLRSMTSAGLQGPQYVKLQFSRHHRQLRSRYELSLGMHLRDQLALGVTPSKVPHWTAFLSMLIGLFYNKTFRQKLEYLLEQISEVWLLPHWVDLANVEVLAADNTRVPLYMLMVAVHKELDSDDVPDGRFDIILLCRDSSREVGE,---S-GGGTTTS-SHHHHHHHT-SSSEEEE--HHHHHHS--EEEEEEEETTTTEEEE--TTS-TTGGGS-EEEEEEEEEETTTEEEEEEE-------TTSS--GGG---HHHHHHHHHHHT-S-----HHHHHHHHHHHHTHHHHHHHHHHHHHHHHHHHHT-GGG-TTGGG-B-TTT--B------HHHHHHHHHHHHHHHHHHHHGGGSHHHHHHHHTSSSS----HHHHHHHHS-SSTTSSHHHHHHHHHHHSTTT--HHHHHHHHHHHHHHHHH----------TTHHHHHHHHHTT-GGGT--SS-----S-S--------------S-------------THHHHHHHHHHH-TT---SSHHHHHHHHHHHH---SEEEEE--TTS-TTHHHHHHHHHHHT-TTSEEEEEEEESSHHHHHHHHHHHSGGG-S-EEEHHHHHHT---SS-SEEEEEHHHHT-HHHHHHHHTHHHHHHHHTSSTTEEEEEEEEETTTHHHH-GGGTTTGGGGGGS-GGGSSEEEEEESS--HHHHHHHHHHTTS--B--TT--HHHHHTT--S---GGGS-BEEEEHHHHH---TTTTSEEEEEEES-HHHHHHHHHHHHHHH-TT-EEEEEESSHHHHHHHHHHHTTTS-EEEE-TTS-HHHHHHHHHHHHH-TT--EEEEEGGGGTT---TTEEEEEE--TT-BHHHHHHHHTT--S--EEEEEEETT-------TT---B--SS-HHHHHHHHHT----TTS-----SBTT--TT--HHHHHHHHHHHHHHHHHHHHTTT---S---------GGGGTTTS---------------SS----S------------SSS---------------------SS-----------S-B-------B-S-------------B-EEEE--B-----------------EEEE--B--------------------------------------------------HHHHHHHHHHHHHHHHHHHHHHSTT--TT--HHHHHT--HHHHTTS--TT-STTSS-TTSS----SSTT--EETTEE---TT-SS-HHHHHHHHHHHHHHT--HHHHHHHHHHTGGGTT-HHHHHHHHHHSHHHHHHHHHHHTHHHHHHHHH---EETTT-HHHHHH-SGGGS-HHHHHHHHHHHHHHHHHHTB-HHHHHTT----B-HHHHH-SSHHHHHHHHHHTTHHHHHHHH-TT-TT-HHHHHHIIIII-HHHHHHHHHHHHHHHHHHHHTT--------HHHHHHHHHHHHH-HHHHHHHHHH-GGGTT--SHHHHHHHTT-EEE-TTS-EEEHHHHHHHHHHTTSSTTS-TT---GGGTSSSSS-S---
YLL067C,MKVSDRRKFEKANFDEFESALNNKNDLVHCPSITLFESIPTEVRSFYEDEKSGLIKVVKFRTGAMDRKRSFEKIVVSVMVGKNVQKFLTFVEDEPDFQGGPIPSKYLIPKKINLMVYTLFQVHTLKFNRKDYDTLSLFYLNRGYYNELSFRVLERCHEIASARPNDSSTMRTFTDFVSGAPIVRSLQKSTIRRYGYNLAPHMFLLLHVDELSIFSAYQASLPGEKKVDTERLKRDLCPRKPIEIKYFSQICNDMMNKKDRLGDVLATAQRIRRRYNKNGSSEPRLKTLDGLTSERWIQWLGLESDYHCSFSSTRNAEDVVAGEAASSDHDQKISRVTRKRPREPKSTNDILVAGQKLFGSSFEFRDLHQLRLCHEIYMADTPSVAVQAPPGYGKTELFHLPLIALASKGDVKYVSFLFVPYTVLLANCMIRLGRCGCLNVAPVRNFIEEGCDGVTDLYVGIYDDLASTNFTDRIAAWENIVECTFRTNNVKLGYLIVDEFHNFETEVYRQSQFGGITNLDFDAFEKAIFLSGTAPEAVADAALQRIGLTGLAKKSMDINELKRSEDLSRGLSSYPTRMFNLIKEKSEVPLGHVHKIWKKVESQPEEALKLLLALFEIEPESKAIVVASTTNEVEELACSWRKYFRVVWIHGKLGAAEKVSRTKEFVTDGSMRVLIGTKLVTEGIDIKQLMMVIMLDNRLNIIELIQGVGRLRDGGLCYLLSRKNSWAARNRKGELPPIKEGCITEQVREFYGLESKKGKKGQHVGCCGSRTDLSADTVELIERMDRLAEKQATASMSIVALPSSFQESNSSDRCRKYCSSDEDSNTCIHGSANASTNATTNSSTNATTTASTNVRTSATTTASINVRTSATTTESTNSSTNATTTASTNVRTSATTTASINVRTSATTTESTNSNTSATTTESTDSNTSATTTESTDSSTNATTTASINVRTSATTTESTNSNTNATTTESTNSSTNATTTEGTNSNTSATTTASTNSSTNATTTESTNASAKEDANKDGNAEDNRFHPVTDINKESYKRKGSQMVLLERKKLKAQFPNTSENMNVLQFLGFRSDEIKHLFLYGIDVYFCPEGVFTQYGLCKGCQKMFELCVCWAGQKVSYRRMAWEALAVERMLRNDEEYKEYLEDIEPYHGDPVGYLKFFSVKRGEIYSQIQRNYAWYLAITRRRETISVLDSTRGKQGSQVFRMSGRQIKELYYKVWSNLRESKTEVLQYFLNWDEKKCREEWEAKDDTVFVEALEKVGVFQRLRSMTSAGLQGPQYVKLQFSRHHRQLRSRYELSLGMHLRDQLALGVTPSKVPHWTAFLSMLIGLFYNKTFRQKLEYLLEQISEVWLLPHWVDLANVEVLAADNTRVPC,---S-HHHHTTS-SHHHHHHHT-SSSEEEE--HHHHHHS--EEEEEEEETTTTEEEE--TT--HHHHHT-EEEEEEEEEETTTEEEEEEE------TTT----GGGS--HHHHHHHHHHH--S-----HHHHHHHHHHHHTHHHHHHHHHHHHHHHHHHHHH-TT-HHHHTT-B-TTT--BGGG---HHHHHHHHHHHHHHHHHHHHGGGSHHHHHHHHTSSSS----HHHHHHHHS-SSTTSSHHHHHHHHHHHHSTT--HHHHHHHHHHHHHHHHS----------SS-HHHHHHHHTT--SS--------------------------SS-------------THHHHHHHHHHH-TT---SSHHHHHHHHHHHH---SEEEEE--TTS-HHHHHHHHHHHHHT-TTSEEEEEEEESSHHHHHHHHHHHTGGGSS-EEEHHHHHHT---SS-SEEEEEHHHHT-HHHHHHHHTHHHHHHHHHSSTTEEEEEEEEETTTHHHH-GGGTTGGGGGGGS-GGGSSEEEEEESS--HHHHHHHHHHTT---B--S---HHHHHHHHTS-S-TTTS-BEEEEHHHHHT--TTTTEEEEEEEES-HHHHHHHHHHHHHHH-TT-EEEEE-SSHHHHHHHHHHHTTTS-EEEE-TTS-HHHHHHHHHHHHH-TT--EEEESGGGGTT---TTEEEEEE--TT-BHHHHHHHHTT-TT-EEEEEEEETT-------TT---B--SS-HHHHHHHHHT----TTS-----SBTT--TT--HHHHHHHHHHHHHHHHHHHHHTT-------------TTSS--S-----------------------------EEEEE--EE---EE------EE--EEEEEEEEEE--EEEEE--EEE--EEEEEEEEEE--EEEEEEEEEE--EEEEEEEEEE--EEEEEEEEEE--EEEEEEEEEE--EE--EEEEE---EEEEEEEEE---EE------------------------------------------------------S-HHHHHHHHHHHHHHHHHHHHSTT--TT--HHHHHT--HHHHTTS--TT-STTTS-TTTT--TTS-TTT-S-GGG----TT-S--HHHHHHHHHHHHHHHS-HHHHHHHHHHTGGGTT-HHHHHHHHHHTHHHHHHHHHHHTHHHHHHHHHT--EE---TTSS-S--SGGGS-HHHHHHHHHHHHHHHHHS---TTTTTT-SS---THHHHT---THHHHHHHHHTTHHHHHHHHSTT----HHHHHHHHHHHHHHHHHHHHHHHHHHHHHHHHTT--------HHHHHHHHHHHHH-HHHHHHHHHH-GGGGG--SHHHHHHHTTS-EE-TTS-EE--
YMR231W,SVVSWTTLTHVYSILGAPTCLYPTATYFLMGTSKGCVLIFNYNEHLILVPSIHSIRSPVKICSDGTHVAASYETGNICIWNLTPALPAVLHIDDHVNKEITGLDFFGARHTALIVSDRTGKVSLYNGYQLVYNSKKILDVNSSKEKLIRSKLSPLKISTNLLSVLTTTHFALILLSHVSLMFQETVEPSVQVNSSISWTQNCSRVAYSVNNKISVISISSSDFNVQSASHSPEFAESILSQWIDQLLLGISLVLHPQHDFKILLRLDFLIHDLPPNKISRRSFTNYSFKIGKFVSWSDITLRHILKGDYLGALEFIESLLQPYCPLANLLKLDNNTEERTKQLMEPFYNLSLAALRFLIKKDNADYNRVYQLLMVVVRVLQQSSKKLDSIPSLDVFLEQGLEFFELKDNAVYFEVVANIVAQGSVTSISPVLFRSIIDYYAKEENLKVIEDLIIMLNPTTLDVDLAVKLCQKYNLFDLLIYIWNKIFDDYQTPVVDLIYRISNQSEKCVIFNGPQVPPETTIFDYVTYILTGRQYPQNLSISPSDKCSKIQRELSAFIFSGFSIKWPSNSNHKLYICENPEEEPAFPYFHLLLKSNPSRFLAMLNEVFEASLFNDDELVSRQYVIDLLLDAMKDTGNSDNIRVLVAIFIATSISKYPQFIKVSNQALDCVVNTICSSRVQGIYEISQIALESLLPYYHSRTTENFILELKEKNFNKVLFHIYKSENKYASALSLILETKDIEKEYNTDIVSITDYILKKCPPGSLECGKVTEVIETNFDLLLSRIGIEKCVTIFSDFDYNLHQEILEVKNEETQQKYLDKLFSTPNINNKVDKRLRNLHIELNCKYKSKREMILWLNGTVLSNAESLQILDLLNQDSNFEAAAIIHERLESFNLAVRDLLSFIEQCLNEGKTNISTLLESLRRAFDDCNSAEKKSCWILLITFLITLYGKYPSERKDLCNKLLQEAFLGLVRSKSGGEFWEIMSSVLEHQDVILMKVQDLKQLLLNVFNTYKLERSLSELIQKIIEDSSQDLVQQYRKFLSEGWSIHTDDCEICGKKIWGAGLDPLLFLAWENVQRHQDMISVDLKTPLVIFKCHHGFHQTCLENLAQKPDEYSCLIMNRFWNTKKFSLTNADGLCATLNEISQNDEVLVVQPSVLPVLNSLLTFQDLTQSTPVRKITLLDDQLSDDLPSALGSVPQMDLIFLIDVRTSLRLPPQLLDAAQKHNLSSLHIIYCRWKPSFQNTLEDTEQWQKDGFDLNSKKTHFPNVIESQLKELSNEYTLYPWDLLPFPQIDENVLLTHSLYNMENVNMYYPNLRSLQSATESILVDDMVNSLQSLIFETNSIITNVVSIGNLSKRCSHLLKKRIDEHQTENDLFIKGTLYGERTNCGLEMDLIILERNTDPITPLLTQLTYAGILDDLYEFNSGIKIKEKDMNFNYKEDKIWNDLKFLNFGSIGPQLNKLAKELQTQLQQRQAFLKNHTTLSSDVLKVVETEEYGSFNKILELELEILMGNTLNNDIEDIILELQYQYEVDQKKILRLICLLSLCKNSLREKDYEYLRTFMIDSWGIEKCFQLESLAELGFFTSKTSKSTRLQKEYRYISQWFNTVPATFAYSGVVPLTMRLVQMLYDRSILFHNYSSQQPFILSREPRVSQTEDLIEQLYGDSHAIEESIWVPGEDIALVVFLGGVTMGEIAIMKHLQKILGKKGINKRFIIIADGLINGTRIMNSISNPSFDWERLKDVFYRSRAIGELKWPTQYEEFKCALSLTVIAVEIQDFIQVYNYFGQLLGKINLQRIHEDIIKFEFDKDEKLILVTKSSIKIVKGWSPLTIESVPLQDPTIDTIWDYHNGIMLLAKSRDIYKLNGNEWELLYENKDKKYNLLTKNHWSCNDDSIILLDVDHVYQVSTSNGALLKLITDSSWHKVTISSRGFICLYNMKDNKLQIFRDPARILMEHNLDSTPDDICWCGNDTVACSFEDEIKLYGPDGLYVTFWYPFTVTNLRAEVDGLKVITTEKIYFLSRVQPQTSNIFRIGSTEPGAMLVDSFSLLEDHAPKAIEILKNFVLEKGVLDCIAAAIDEFEPKLQKMLLNAASYGKASLQYKSFDASIFVNACNTIKLLNCFRSFGIFLTVEEYRCISLKGVIDRLLKYHRYYECIQICKLANERFLLGYVFTEWAKDKIKGSPDMEDDELLDKIKSRLSVIDMTDTLQMVAVAKVAYLEGRFQLSRNLALLEKNEEARIEQLYNLDDDSIALKECIKVQNYSLTISLLIALSKKLTNSQLTKLLIIDMFNNPLYLYYMRMDKAYLYDFYRQTDRFIDLAHVLLQQGKEQQSLHSFLPQIKDLYSQVQNSEVVNNTIEQLQRQEKLWIYQESLGKRFAISFTNMTLDQTLSKLIETGQDKQVKEIVKKFKISEKKLYHLKCKTLVEAKKDELLQFAQGYMPFYTYLKSRGDKASPYVNMILSSWRQFQLFENIPIRDPNFGGDSLLYSDPTLCAATIVDPQTLIIAVNSNIIKVVKLNQSQVIHEFQSFPHDFQITFLKVINGEFLVALAESIGKPSLIRVYKLEKLPNREQLYHSQVELKNGNNTYPISVVSISNDLSCIVVGFINGKIILIRGDISRDRGSQQRIIYEDPSKEPITALFLNNDATACFAATTSRILLFNTTGRNRGRPSLVLNSKNGLDLNCGSFNPATNEFICCLSNFIEFFSSSGKKHQFAFDLSLRKRIFCVDKDHILIVTEETGVPTTSISVNELSPTIINRIFIIDAKNKIISLNFVVSSAIIDIFSTSQSGKNITYLLTSEGVMHRITPKSLENQINIIIQKELYPFALQLAKQHSLSPLDVQEIHKKYGDYLFKKGLRKEATDQYIQCLDVVETSEIISKFGVKEVPDPESMRNLADYLWSLIKNSISQRDHVTLLLIVLIKLKDVEGIDTFIQHFDRKGIWNEGVVMDDMDDVTFFYSDNDFFDLDLILELMKESDFKRLSYRLAKKYSKDSLIIVDILLNLLHNPVKAIKYIKSLPIDETLRCLVTYSKKLLEESPNETNALLIEVFTGKFKPSTFEVRTVFYSYKTFFNYMNTYHPPKPSIVFSSFVTKPFEFVVFLEACLACYQQYEGFDEDRQVILTTLYDLYLNLAQNDVPERIDDWRSRATGVLRESNKLVYSAASNNTSKRVDNSIMLLISHMDQSSASAKDKTKIDIASFANDNPEMDLLSTFRAMTLNEEPSTCLKFLEKYGTEEPKLLQVALSYFVSNKLIFKEMGGNEVLKEKVLRPIIEGERMPLLDIIKALSRTNVAHFGLIQDIIIDHVKTEDTEIKRNEKLIESYDKELKEKNKKLKNTINSDLDIPVVFFKCGHIYHQHCLNEEEDTLESERKLFKCPKCLVDLETSNKLFEAQHEVVEKNDLLNFALNSEEGSRDRFKVITEFLGRGAISYSSKFLFNYYLAKWSILGDFIKEYKDDFAYDKTDITNFIHIKLKHSFSKYYEKCENLKSENEKDDEFINFTFDEISKIDKEHILTLLFFPNELTNWSEELLKIYLSFNDFRSVEKYIGKQNLVAVMKQYLDISSLNYSVELVTNLLQRNFELLDDTDIQLKILETIPSVFPVQTISELLLKVLIKYQEKKEESNLRKCLLKNQISISDELSRNFDSQGMIKTRILTHLKVSNDQLIIYRINLVNHFDCIMNVHVSPMGSIRTNFGRYMLLDLSSLHWINETTFLMGIKKPKLYRTKLWYENKKLSGGDGIAYWEGSLLLTDNILYWRDEQFERLKHHAIKKFDSYNGVTSNGIVFGDLKFLSSSKVLLNFELPDKDHLIKIVLTAFHILLLRKNTVTMVSQLNNDVVFHETIPEKFLGLVRDSVETFWCFSNINVFEIIIENEPNSVWNLLVRDNKFDKALSLKGLTVREIESVKLSKAMYLFHTAKDFHSAAQTLGSMKDLSHFGEIALNFLQIKDYNDLNVILIKQLDNVPWKSTQVVLSSWIIWNFMKQLNDIELKINTTKEDNLLNWNLNLKEKSNELTKFLESHLEKLDNETVYQIMSKQNRQNELLIFASLINDMKFLLSFWIDQGNWYESLKILLTINNHDLVYKYSLILLLNSPEATVSTWMKIKDLDPNKLIPTILKFFTNWQNNSKLITNISEYPENYSLTYLKWCVREVPKMCNPIVYNSILYMMITDPRNDMILENDIIKFMKSNENKYDLNFQLRLSLKFKKTKTSIFLLTRLNLFEDAIDLALKNNLIDDCKVIVNDEILIEDYKLRKRLWLKIAKHLLLSMKDIDIKQLIRTILNDSNEILTIKDLLPFFNEYTTIANLKEELIKFLENHNMKMNEISEDIINSKNLKVEINTEISKFNEIYRILEPGKSCDECGKFLQIKKFIVFPCGHCFHWNCIIRVILNSNDYNLRQKTENFLKAKSKHNLNDLENIIVEKCGLCSDININKIDQPISIDETELAKWNE,---EEEEETHHHHHHH---EEEE-SSEEEEE-TTS--EEEETTS---B-------SS-B---TT-SEEEEEBTTS-EEEEE----B-EEEEE-SSTTS---EEEEETTEEEEEEEE-TTT-EEEEEE----EEEEEEE--SSTT--B-----------S-EEEE-BSSSEEEEE------SEEE---TT----EEEEE-TTSSEEEEEETTEEEEEEE-SSS--EEEEEEE---SS-------SSS-B-----B-SSSS--B------TTTT--TT--BTTB---SSEEEEE---HHHHHHHHHHHT-SHHHHHHHHHHTSS--TTTTTTT--SSHHHHHHHSSHHHHHHHHHHHHHHHHTT---HHHHHHHHHHHHHHHHHS---SSS---HHHHHHHHHTTS-SSTHHHHHHHHTTHHHHTS-----HHHHHHHHHHHHTSS--SHHHHHHHTS-TTS--HHHHHHHHHHHT-HHHHHHHHHHTS--SHHHHHHHHHHHTT-GGG-SS--SS----GGGHHHHHHHHHHS--TTSS---SSTTHHHHHHHHHHHHHT-SS--BSSSS-SSB--SSSSTTS--SSHHHHHHHHH-HHHHHHHHHHHHTSSSS-------HHHHHHHHHHHHSTT-S-STTHHHHHHHHHHHHHS-SSS----HHHHHHHHHHHTS----S-HHHHHHHHHTHHHHGGG---HHHHHHHHHHT-SSHHHHHHHHHT--SHHHHHHHH----TTTSSSSHHHHHHHHH---SSS-TTTHHHHHHHHHTHHHHHHHT-SHHHHHHHHHH-GGGGGTTSS-S-HHHHHHHHHHHHHSTT------SHHHHHHHHHGGG---HHHHHHHHHS----HHHHHHHHHHHHHS--HHHHHHHHHHTT-HHHHHHHHHHHHHHHHHHT-S-HHHHHHHHHHHHHHHHH--HHHHHHHHHHHHHHHHHHS----HHHHHHHHHHHHHHHHHH---THHHHHHHHHHHHHHHH---HHHHHHHHHHHHHHHHHHHHHHHHHHHHHHHHHHHHHHHHHHTSS--B---SSS-SSS---SSSS---HHHHHHHHHTTTT-----SS-----EE-TTS--B-SHHHHTTT--TT-------TTS--TTHHHHHHHHHHHHHHHHH-SS-EEEEE-TTTHHHHHTTS-HHHHHHHSSEEEEEE-STHHHHTIIIIISS--SS-EEEEE--SSTT---HHHHHHHHHHT-S-EEEEEEEE--GGGHHHHTTHHHHHHHHSS--SS-S-S-SSGGG--SS------EEEEE----SS-SS------SB-TT--BSSS-S-TT-HHHHHHHHHHHHHHHHHHHHHHHT----EEEEESSHHHHHHHHHHHHHHHH--SSSHHHHHHSS-SS------EE--EEEGGG-TTSSSS---BHHHHHHHHS---SSS--SS--S---TTT-STTTTTSSSBSTTTHHHHHHHHHHHHH--HHHHHHHHHHHHHHHHHHHHHSSSSTTHHHHHHHHHHHHHH----SS-HHHHHTTTTSSS---HHHHHHHHHHHHHHTS---TTTHHHHHHHHHHHS-STHHHHHHHTTSSSSS-----------S-HHHHHHHS-S-----SSSS---HHHHHHHHTT--SHHHHSS-S--S-S--SS----S-SHHHHHHHSSTTSEEEEE-S----EEEEEEET-B-HHHHHHHHHHHHHHHHHT---EEEEEESSB--HHHHHTT---GGGT-EE-SS-EE---B------SSSTT-S-EE-SSS-EEEESSS-EEEE-TTS-EEEEE--S---S---EEE--TT---EEE-SSEEEE---TTTT--EEEE-S-TTS---SEEETTEEE-SSS--EEEE-SSSEEE-----S-S----SGGGB---SSB--B--SS--EEEETTTTEEEE--SS----EEEE-SSS-EEEE-SSS-B---BSSTT--S---B--S--S--EESSSS-EEEE-SS-EEE--TTS--EE---SS----B---TT-EEEE-SS-EEEE----GGGTTTSSSS--SSSSSHHHHHHHTTSSHHHHHHHTTSS-TTHHHHHHHTTSTT--STTHHHHHHHHHHTTTSSS-TTSS-SHHHHHHHHHHHHHHHHHHHS----HHHHHHS-HHHHHHHHHTTT-TTTHHHHHHHHT--TTSHHHHHHHHHHHHTS-SS--HHHHHHHHHHTTTT----SS---HHHHHHHHTSS--HHHHHHHTT-SSSSHHHHHHHHTT-TTTHHHHHHHHT-SSHHHHHHHHHHHSS-SSHHHHHHHHSS-S--SHHHHSSS-SSHHHHHHHHHT-HHHHHHHHHHHHHHTT--GGGHHHHHHHSSS--S-SHHHHHHHHHHHHHHHHHHHHHHHHHTTS---S--HHHHHHHHHTT--TTTTTHHHHHHT--HHHHHTTHHHHHTTS---GGGGG---TTHHHHHHHH------TTTT----SS-B---EEEE--B-GGGSTT--TT-S---S----SSSS-EEEEETTTEEEEEETTTTEEEEEEE-S-SS-EEEEE---SSS---EEEE-SSS---EEE--TT----SS---SEEE----SSS-S----EEE-TTS--EEEE-SSS-EEEE-S-SSSS------B----TTT----EEEE-SSSS-EEEESSS--B---TTS---SS-SSB--TT----TT----BTTTTB-----SS------SS------------EEEEEESSSSEEEEEE-------SSS---S-------EEEEEESSS--EEEEEE-SS----B----SSSS--EEB--SS-B--EEEE--HHHHHHHHHHTT-HHHHHHHHHHHT--HHHHHHHHHHHHHHHHTTT--HHHHHHHHTSTTTS-HHHHHHHS-S--S--HHHHHHHHHHHHHHHHHS---HHHHHHHHHHHHHS--SHHHHHHHHTB-TTS-B-SS-----TTSHHHHT-----S-HHHHHHHHHHSSGGGTHHHHHHHS---HHHHHHIIIIIT--HHHHHHHHHT--STT--HHHHHHHHHHTTT-HHHHHHHHHHHHTT-------------SSHHHHHHHH-------TTSSGGGGSS-HHHHHHHHHHHHHHHHGGGGTTTHHHHHHHHHHHHHHHTTSSS-HHHHHHHHHHHHHHHHHHHHTTTSS---SS------HHHHHHHHHHHHH--S---HHHHHHTSTT---HHHHHHHHHHHHHH---SHHHHHHHHS-TT-HHHHHHHHHHTTS-HHHHHHTTTTHHIIIIIIHHHHHTT-S-HHHHHHHHHT-S---HHHHHHHHHHHHHHHHHHHHHHHHHHHHHHHHHHHHHHHHHHHHHH---SS----TTT----GGGTTS---GGGHHHHTTS---SS---S---HHHHHHHHHHHHHHHHHHHHHHTS-SS-STTTHHHHHHTTTT----HHHHHHHHH---HHHHHHHHHHH---TT---HHHHHHHHHHH--HHHHHHHHHHHHHTSS-HHHHHHHHHHHHHT-STTTTHHHH-SS-TT---TTGGGTTTTS--HHHHHHT--SSS-HHHHHHHGGG--SSHHHHHHHHHHHHTTTT---HHHHHHHHHT--SSS-HHHHHHHHHHHHHHHHHHHHHHHHHHHHHHHHHHHHHHHHHHHHH----EEE-------SSS-B--B-B----B----------SS-----TTSS-----B---B--SSS--BEEB----EE-----------S------EETTEE--------B--------TT--SSSS-------TTEE-------TTT---EEGGGS----S----EE-SSEEE---TT--EEEETTT--EEEE--------EEEE-----EEEE-SS--EEEEEE-HHHHHHHHHHTSS--HHHHT--SS-HHHHHHHHHHHHHHIIIII--TTTHHHHHTT-S--S-HHHHHHHHHHHT-HHHHHHHHHHHTT--TTSSHHHHHHHHHHHHHHHHHHHHHHHHHT---HHHHHHHHHHHHHHHHHHHHHHHTTTTS-SSHHHHHHHTT--HHHHHHHHHHTTT-HHHHHHHHHHT-HHHHHHHHHH----HHHHHHHHHHHHH-HHHHHHHHHHH----TTTTHHHHHHHHHHHHHHHTT-SSSTTHHHHHHHHHHHHHHHH-SSS--HHHHHHHHHHHHH-SS--HHHHHHHHHHHHHT-SSS-HHHHHHHHHHHT-HHHHHHHHHHTT-HHHHHHHHHHTT-HHHHHHHHHT--S-STTHHHHHHHHHHHHHHTTSS--SSHHHHHHHHHHHTSS-S-HHHHTTT--S---HHHHHHHHHHHHHHHHHHHHHHHHHHHHHHHHHHHHHHHHHHHTT---EE--SS---TT-S-GGGT--EEETTTEEE-SSHHHHHHHHSS-SHHHHHHTTTTTTS--TTSHHHHHHHTTS-SSSSHHHHTTSS------SSGGGTS--
YOL081W,RRIMINIFSIFKRPNSYFIIPHNINSNLQWVSQDFRNIMKPIFVAIVSPDVDLQNTAQSFMDTLLSNVITYGESDENISIEGYHLLCSYTVTLFAMGLFDLKINNEKRQILLDITVKFMKVRSHLAGIAEASHHMEYISDSEKLTFPLIMGTVGRALFVSLYSSQQKIEKTLKIAYTEYLSAINFHERNIDDADKTWVHNIEFVEAMCHDNYTTSGSIAFQRRTRNNILRFATIPNAILLDSMRMIYKKWHTYTHSKSLEKQERNDFRNFAGILASLSGILFINKKILQEMYPYLLDTVSELKKNIDSFISKQCQWLNYPDLLTRENSRDILSVELHPLSFNLLFNNLRLKLKELACSDLSIPENESSYVLLEQIIKMLRTILGRDDDNYVMMLFSTEIVDLIDLLTDEIKKIPAYCPKYLKAIIQMTKMFSALQHSEVNLGVKNHFHVKNKWLRQITDWFQVSIAREYDFENLSKPLKEMDLVKRDMDILYIDTAIEASTAIAYLTRHTFLEIPPAASDPELSRSRSVIFGFYFNILMKGLEKSSDRDNYPVFLRHKMSVLNDNVILSLTNLSNTNVDASLQFTLPMGYSGNRNIRNAFLEVFINIVTNYRTYTAKTDLGKLEAADKFLRYTIEHPQLSSFGAAVCPASDIDAYAAGLINAFETRNATHIVVAQLIKNEIEKSSRPTDILRRNSCATRSLSMLARSKGNEYLIRTLQPLLKKIIQNRDFFEIEKLKPEDSDAERQIELFVKYMNELLESISNSVSYFPPPLFYICQNIYKVACEKFPDHAIIAAGSFVFLRFFCPALVSPDSENIIDISHLSEKRTFISLAKVIQNIANGSENFSRWPALCSQKDFLKECSDRIFRFLAELCRTDRTIDIQVRTDPTPIAFDYQFLHSFVYLYGLEVRRNVLNEAKHDDGDIDGDDFYKTTFLLIDDVLGQLGQPKMEFSNEIPIYIREHMDDYPELYEFMNRHAFRNIETSTAYSPSVHESTSSEGIPIITLTMSNFSDRHVDIDTVAYKFLQIYARIWTTKHCLIIDCTEFDEGGLDMRKFISLVMGLLPEVAPKNCIGCYYFNVNETFMDNYGKCLDKDNVYVSSKIPHYFINSNSDEGLMKSVGITGQGLKVLQDIRVSLHDITLYDEKRNRFTPVSLKIGDIYFQVLHETPRQYKIRDMGTLFDVKFNDVYEISRIFEVHVSSITGVAAEFTVTFQDERRLIFSSPKYLEIVKMFYYAQIRLESEYEMDNNSSTSSPNSNNKDKQQKERTKLLCHLLLVSLIGLFDESKKMKNSSYNLIAATEASFGLNFGSHFHRSPEVYVPEDTTTFLGVIGKSLAESNPELTAYMFIYVLEALKNNVIPHVYIPHTICGLSYWIPNLYQHVYLADDEEGPENISHIFRILIRLSVRETDFKAVYMQYVWLLLLDDGRLTDIIVDEVINHALERDSENRDWKKTISLLTVLPTTEVANNIIQKILAKIRSFLPSLKLEAMTQSWSELTILVKISIHVFFETSLLVQMYLPEILFIVSLLIDVGPRELRSSLHQLLMNVCHSLAINSALPQDHRNNLDEISDIFAHQKVKFMFGFSEDKGRILQIFSASSFASKFNILDFFINNILLLMEYSSTYEANVWKTRYKKYVLESVFTSNSFLSARSIMIVGIMGKSYITEGLCKAMLIETMKVIAEPKITDEHLFLAISHIFTYSKIVEGLDPNLDLMKHLFWFSTLFLESRHPIIFEGALLFVSNCIRRLYMAQFENESETSLISTLLKGRKFAHTFLSKIENLSGIVWNEDNFTHILIFIINKGLSNPFIKSTAFDFLKMMFRNSYFEHQINQKSDHYLCYMFLLYFVLNCNQFEELLGDVDFEGEMVNIENKNTIPKILLEWLSSDNENANITLYQGAILFKCSVTDEPSRFRFALIIRHLLTKKPICALRFYSVIRNEIRKISAFEQNSDCVPLAFDILNLLVTHSESNSLEKLHEESIERLTKRGLSIVTSSGIFA,-HHHHHHHHHHHS-GGGGTSSTT--TTT-TTS-HHHHHHHHHHHTTTSS-HHHHHHHHHHHHHHTT--GGGSSSTTS-HHHHHHHHHHHHHHHHHHHHHH--SS-TTHHHHHHHHHHHHHHHHHHHHHHHTTTTS----STT-SSHHHHHHHHHHHHHHHTT-S-HHHHHHHHHHHHHHHHHHHHHT--STT----SS--HHHHHHHHHTTS----HHHHHIIIIIIIGGG--S--HHHHHHHHHHHHHHHHHHH-----HHHHHHHHHHHHHHHHTTTT-----S-TTSTTTSSSSSS-----HHHHHHHHHHHTTSSS-HHHHHHHHHHHHHT--GGGHHHHHHHHHHHHHHH--BTTB----HHHHHHHHHHHHHHHHHHHT--S-HHHHHSS---HHHHHHHHHHHTTS-TT-HHHHHHHHHHHHHHHHHHHTGGG---S-HHHHHHHHHHHHHTT-----S----SSS-S--SSTTHHHHHHHHHHHS--S-GGG-SHHHHHTT--------TT-S-HHHHHHHHHHHHHHHHHHHHHHHH-STTS-HHHHHHHHHHHHHHHHHHHHHHHHTHHHHHHHHGGGGG-S-HHHHHHHHHHHHHHHT--TTSS-HHHHHHHHHHHHHHHHHSS-THHHHHHHHH--TTTHHHHHHHHHHHHHHTT-HHHHHHHHHHHHHHH--SSTTSSSSS-HHHHHHHHHHHHHHHHHHHHHHHHHHHHHHHS------SSSS-SS--HHHHHHHHHHHHHHHHHHHHHTTS---HHHHHHHHHHHHHHHHH-STTHHHHHHHHHIIIIIHHHHH-TTTTTS-S---HHHHHHHHHHHHHHHHHHHTS-TTTT-TTTGGGHHHHHHHHHHHHHHHHHHTS------S---S-----HHHHHHHHHHHHHTHHHHHHHHH-TTSS-SSSSSSSS-TTSHHHHHHHHHHHH-SSS-S-TTTS--SS-TTT--HHHHHHHHHHTTGGGSGGGS---TTEEEEE-TTS-EEEEEEGGG----HHHHHHHHHHHHHHHTTTSSS-EEEEEE-TT--SSS---HHHHHHHTTSS-THHHHSEEEEEEES--HHHHHIIIIISTTGGGGGTT-TTEEEE-SHHHHTTS------HHHHHTTS--SEEEEEEEEEETTTTEEEEEEEEE-SSEEEEEE-TTT-EESSSSTT--EE--EEEEEGGGEEEE-SSSSS-TTTEEEEEETTS--EEEE-TTHHHHHHHHHHHHHHHHHHHHHH-------S--TT-TTS--TTTT-HHHHHHHHHHTTS-SSHHHHHHHHHHHHHHHHHHT---TT-----S-----S--HHHHHHHHHHHHHH-TTSHHHHHHHHHHHHTTS-S-TTHHHHHHHHHHTTGGGGTTTSS-SS-SHHHHHHHHHHHHHHHHHHH--TTHHHHIIIIIHHHHHSTTTHHHHHHHHHHHHHSS-TT-HHHHHHHTHHHHGGGSS-TTHHHHHHHHHHHHHHHHTTTS-TTTTHHHHHHHHHHHHHTTSSSSS-HHHHHHHHHHHHHHHTT-SSHHHHHHHHHHHHHHHHHHHHHS---HHHHHHHHHHHHHHHSHHHHHHTT--S-S-TTT-----S--S--THHHHHHHHHHHHHHHTSTTSTT--HHHHHHHHHHHHHSS--SSHHHHHHHHHHHHHTT---HHHHHHHHHHHHHHHHGGGTSS-TTHHHHHHHHHHHHHGGG--S--THHHHHHHHHHHHHHH--HHHHHHHHHHHHHHHHHHHH-TTSSTTTS-HHHHHHHHHTTSHHHHHHHHHHHS--TTTTTTHHHHHHHHGGGSSSGGGHHHHHHHHHHHHHHHHHHHTT--S-HHHHHHHHHTTSS-------GGG-SSSTTSTT-----SSSSTT-S-TTTT--HHHHHHHHHHHHHHHHHTTT-HHHHHHHHHHHHHHHHH-TGGGGGGHHHHHHHHHHHHHH---TTTHHHHHHHHHHHHHTSSGGG-SS-TTS-GGGSTTSS---HHHHSS--
YOR312C,MAHFKEYQVIGRRLPTESVPEPKLFRMRIFASNEVIAKSRYWYFLQKLHKVKKASGEIVSINQINEAHPTKVKNFGVWVRYDSRSGTHNMYKEIRDVSRVAAVETLYQDMAARHRARFRSIHILKVAEIEKTADVKRQYVKQFLTKDLKFPLPHRVQKSTKTFSYKRPSTFY,----EEEEEEEEE--BTTBSS---EEEEEEESSHHHHHHHHHHHHHHHH---GGGEEEEEEEEE--S-SSS-EEEEEEEEEE-SS-EEEEEEEEEESSHHHHHHHHHHHHHHHH---GGGEEEEEEEE--SGGG---HHHHTT-STT------------S-S--SS------
