YBL108C-A,https://alphafold.ebi.ac.uk/files/AF-Q3E770-F1-model_v4.pdb
YBR140C,https://swissmodel.expasy.org/repository/66f0de6f8baebe30cbc42053.pdb
YCL022C,https://alphafold.ebi.ac.uk/files/AF-P25562-F1-model_v4.pdb
YDR150W,https://swissmodel.expasy.org/repository/668cddeb8d7ccd0b167c390d.pdb
YDR457W,https://swissmodel.expasy.org/repository/6715ef1c39db05192ea9a1ae.pdb
YEL077W-A,https://alphafold.ebi.ac.uk/files/AF-P0CX95-F1-model_v4.pdb
YLL040C,https://swissmodel.expasy.org/repository/66ba9e55d64682b64b91f967.pdb
YLL066C,https://alphafold.ebi.ac.uk/files/AF-Q99208-F1-model_v4.pdb
YLL067C,https://alphafold.ebi.ac.uk/files/AF-Q07888-F1-model_v4.pdb
YMR231W,https://swissmodel.expasy.org/repository/66d7c9fc507daba73557d614.pdb
YOL081W,https://swissmodel.expasy.org/repository/66ba9a05b4327254b3d4611b.pdb
YOR312C,https://alphafold.ebi.ac.uk/files/AF-P0CX24-F1-model_v4.pdb